-- +goose Up
-- +goose StatementBegin
SELECT 'up SQL query';
-- +goose StatementEnd
INSERT INTO teams (id, abbreviation, full_name) VALUES
(1, 'ATL', 'Atlanta Hawks'),
(2, 'BOS', 'Boston Celtics'),
(3, 'BKN', 'Brooklyn Nets'),
(4, 'CHA', 'Charlotte Hornets'),
(5, 'CHI', 'Chicago Bulls'),
(6, 'CLE', 'Cleveland Cavaliers'),
(7, 'DAL', 'Dallas Mavericks'),
(8, 'DEN', 'Denver Nuggets'),
(9, 'DET', 'Detroit Pistons'),
(10, 'GSW', 'Golden State Warriors'),
(11, 'HOU', 'Houston Rockets'),
(12, 'IND', 'Indiana Pacers'),
(13, 'LAC', 'LA Clippers'),
(14, 'LAL', 'Los Angeles Lakers'),
(15, 'MEM', 'Memphis Grizzlies'),
(16, 'MIA', 'Miami Heat'),
(17, 'MIL', 'Milwaukee Bucks'),
(18, 'MIN', 'Minnesota Timberwolves'),
(19, 'NOP', 'New Orleans Pelicans'),
(20, 'NYK', 'New York Knicks'),
(21, 'OKC', 'Oklahoma City Thunder'),
(22, 'ORL', 'Orlando Magic'),
(23, 'PHI', 'Philadelphia 76ers'),
(24, 'PHX', 'Phoenix Suns'),
(25, 'POR', 'Portland Trail Blazers'),
(26, 'SAC', 'Sacramento Kings'),
(27, 'SAS', 'San Antonio Spurs'),
(28, 'TOR', 'Toronto Raptors'),
(29, 'UTA', 'Utah Jazz'),
(30, 'WAS', 'Washington Wizards');

INSERT INTO players (id,fullname,team_id)
VALUES
  (1,'Jasper Cohen',1),
  (2,'Chadwick Gallegos',2),
  (3,'Alexis Logan',3),
  (4,'Keith Case',4),
  (5,'Keely Atkins',5),
  (6,'Teagan Prince',6),
  (7,'Kiona Robinson',7),
  (8,'Katelyn Rios',8),
  (9,'Darius Dejesus',9),
  (10,'Ella Bennett',10),
  (11,'Zenia Kane',11),
  (12,'Sara Merritt',12),
  (13,'Ezra Nichols',13),
  (14,'Stuart Marshall',14),
  (15,'Gil Snyder',15),
  (16,'Hayes Taylor',16),
  (17,'Philip Taylor',17),
  (18,'Davis Hoffman',18),
  (19,'Rudyard Brock',19),
  (20,'Shelly Vincent',20),
  (21,'Harrison Cabrera',21),
  (22,'Veda Carey',22),
  (23,'Quinlan Sanford',23),
  (24,'Phillip Shelton',24),
  (25,'Oprah Mccarthy',25),
  (26,'Adara Holland',26),
  (27,'Ursa Cohen',27),
  (28,'Jared Short',28),
  (29,'TaShya Reilly',29),
  (30,'Luke Chang',30),
  (31,'Maite Curry',1),
  (32,'Merrill Ross',2),
  (33,'Jin Powers',3),
  (34,'Rooney Burke',4),
  (35,'Matthew Trujillo',5),
  (36,'Yvonne Graham',6),
  (37,'Declan Marks',7),
  (38,'Raya Middleton',8),
  (39,'Phelan Coleman',9),
  (40,'Zia Ferrell',10),
  (41,'Dora Cain',11),
  (42,'Hakeem Hays',12),
  (43,'Baxter Eaton',13),
  (44,'Aline Craft',14),
  (45,'Desirae Pierce',15),
  (46,'Marvin Melton',16),
  (47,'Bryar Clay',17),
  (48,'Liberty Ramirez',18),
  (49,'Dai Woodard',19),
  (50,'Genevieve Olson',20),
  (51,'Stewart Meyers',21),
  (52,'Alea Owens',22),
  (53,'Belle Craig',23),
  (54,'Charde James',24),
  (55,'Amanda Hall',25),
  (56,'Deborah Austin',26),
  (57,'Sydnee Haney',27),
  (58,'Isabelle Bullock',28),
  (59,'Ryan Maldonado',29),
  (60,'Elmo Cooper',30),
  (62,'Aphrodite Underwood',1),
  (63,'Austin Larsen',2),
  (64,'Brennan Patrick',3),
  (65,'Justine Robinson',4),
  (66,'Lillith Branch',5),
  (67,'Laura Pierce',6),
  (68,'Phelan Luna',7),
  (69,'Flynn Pena',8),
  (70,'David Giles',9),
  (71,'Rooney Thompson',10),
  (72,'Kermit Livingston',11),
  (73,'Clinton Arnold',12),
  (74,'Nathan Doyle',13),
  (75,'Bradley Levy',14),
  (76,'Philip Marks',15),
  (77,'Philip Huff',16),
  (78,'Holmes Hunter',17),
  (79,'Orla Gross',18),
  (80,'Patrick Moon',19),
  (81,'Roth Stokes',20),
  (82,'Sybill Ryan',21),
  (83,'Wanda Wise',22),
  (84,'Indira Conrad',23),
  (85,'Iris Ferrell',24),
  (86,'Jared Burns',25),
  (87,'Paula Foley',26),
  (88,'Illana Hatfield',27),
  (89,'Coby Baldwin',28),
  (90,'Aspen Bean',29),
  (91,'Solomon Shaw',30),
  (92,'Elijah Tucker',1),
  (93,'Rashad Buckner',2),
  (94,'Leslie Rosario',3),
  (95,'Yasir Gentry',4),
  (96,'Carson Blankenship',5),
  (97,'Rajah Harvey',6),
  (98,'Micah Woodard',7),
  (99,'Len Rutledge',8),
  (100,'Nicole Bradford',9),
  (101,'Juliet Dale',10),
  (102,'Jin Morin',11),
  (103,'Regan Ruiz',12),
  (104,'Leigh Koch',13);
INSERT INTO players (id,fullname,team_id)
VALUES
  (105,'Clark Barton',14),
  (106,'Elijah Shepherd',15),
  (107,'Alfreda Baird',16),
  (108,'Seth Walker',17),
  (109,'Eliana Christensen',18),
  (110,'Sarah Walters',19),
  (111,'Christian Clarke',20),
  (112,'Neil Hubbard',21),
  (113,'Reed Webster',22),
  (114,'Josephine Pickett',23),
  (115,'Garth Dickson',24),
  (116,'Ramona Herring',25),
  (117,'Quail Macias',26),
  (118,'Jelani Clark',27),
  (119,'Tanner Holman',28),
  (120,'Lydia Jarvis',29),
  (121,'Ahmed Cortez',30),
  (122,'Conan Battle',1),
  (123,'Kieran Emerson',2),
  (124,'Ignatius Reyes',3),
  (125,'Ignatius Reese',4),
  (126,'Francesca Maynard',5),
  (127,'Irma Romero',6),
  (128,'Lucian Snyder',7),
  (129,'Brandon Holt',8),
  (130,'Clark Gillespie',9),
  (131,'Claudia Malone',10),
  (132,'Kasimir Jimenez',11),
  (133,'Tarik Steele',12),
  (134,'Kirsten Robles',13),
  (135,'Abra Davenport',14),
  (136,'Vance Horne',15),
  (137,'Jessica Anderson',16),
  (138,'Lucas Sutton',17),
  (139,'Brielle Murray',18),
  (140,'Brian Gamble',19),
  (141,'Armando Meadows',20),
  (142,'Lila Parker',21),
  (143,'Reed Jennings',22),
  (144,'Todd Sanchez',23),
  (145,'Fulton Bowers',24),
  (146,'Cameran Giles',25),
  (147,'Axel Mendoza',26),
  (148,'Valentine Gay',27),
  (149,'Lenore Frost',28),
  (150,'Audra Knight',29),
  (151,'Halla Weaver',30),
  (152,'Zorita Buchanan',1),
  (153,'Benjamin Shaffer',2),
  (154,'Keely Bennett',3),
  (155,'Regina Francis',4),
  (156,'Jolene Strong',5),
  (157,'Aidan Castaneda',6),
  (158,'Yvette Frost',7),
  (159,'Chandler Howard',8),
  (160,'Felix Battle',9),
  (161,'Deanna French',10),
  (162,'Arsenio Chambers',11),
  (163,'Rhonda Schneider',12),
  (164,'Pascale Roth',13),
  (165,'Vladimir Barnes',14),
  (166,'Rudyard Stephenson',15),
  (167,'Lila Lewis',16),
  (168,'Kennedy Hensley',17),
  (169,'Grady Harrington',18),
  (170,'Ian Green',19),
  (171,'Giacomo Solis',20),
  (172,'Rebecca Parker',21),
  (173,'Ina Mason',22),
  (174,'Rina Weber',23),
  (175,'Aphrodite Terry',24),
  (176,'Jasmine Blackburn',25),
  (177,'Guy Crosby',26),
  (178,'Dylan Hardy',27),
  (179,'Henry Cunningham',28),
  (180,'Cleo Duncan',29),
  (181,'Louis Levine',30);

INSERT INTO games (id,home_team_id,away_team_id,is_finished,week)
VALUES
  (1,1,2,'0',1),
  (2,3,4,'0',1),
  (3,5,6,'0',1),
  (4,7,8,'0',1),
  (5,9,10,'0',1),
  (6,11,12,'0',1),
  (7,13,14,'0',1),
  (8,15,16,'0',1),
  (9,17,18,'0',1),
  (10,19,20,'0',1),
  (11,21,22,'0',1),
  (12,23,24,'0',1),
  (13,25,26,'0',1),
  (14,27,28,'0',1),
  (15,29,30,'0',1);

INSERT INTO team_stats (id,game_id,score,total_attemps,team_id)
VALUES
  (0,1,0,0,1),
  (1,1,0,0,2),
  (2,2,0,0,3),
  (3,2,0,0,4),
  (4,3,0,0,5),
  (5,3,0,0,6),
  (6,4,0,0,7),
  (7,4,0,0,8),
  (8,5,0,0,9),
  (9,5,0,0,10),
  (10,6,0,0,11),
  (11,6,0,0,12),
  (12,7,0,0,13),
  (13,7,0,0,14),
  (14,8,0,0,15),
  (15,8,0,0,16),
  (16,9,0,0,17),
  (17,9,0,0,18),
  (18,10,0,0,19),
  (19,10,0,0,20),
  (20,11,0,0,21),
  (21,11,0,0,22),
  (22,12,0,0,23),
  (23,12,0,0,24),
  (24,13,0,0,25),
  (25,13,0,0,26),
  (26,14,0,0,27),
  (27,14,0,0,28),
  (28,15,0,0,29),
  (29,15,0,0,30);

-- +goose Down
-- +goose StatementBegin
SELECT 'down SQL query';
DELETE FROM team_stats;
DELETE FROM teams;
DELETE FROM players;
DELETE FROM games;
-- +goose StatementEnd
